{
    "name": "root",
    "gauges": {
        "CarAgent.Policy.Entropy.mean": {
            "value": 0.5989412069320679,
            "min": 0.5786029696464539,
            "max": 0.6020928621292114,
            "count": 7
        },
        "CarAgent.Policy.Entropy.sum": {
            "value": 14968.7392578125,
            "min": 14516.5693359375,
            "max": 15052.3212890625,
            "count": 7
        },
        "CarAgent.Step.mean": {
            "value": 174927.0,
            "min": 24961.0,
            "max": 174927.0,
            "count": 7
        },
        "CarAgent.Step.sum": {
            "value": 174927.0,
            "min": 24961.0,
            "max": 174927.0,
            "count": 7
        },
        "CarAgent.Policy.ExtrinsicValueEstimate.mean": {
            "value": 54.10980224609375,
            "min": 45.96304702758789,
            "max": 56.05165481567383,
            "count": 7
        },
        "CarAgent.Policy.ExtrinsicValueEstimate.sum": {
            "value": 10876.0703125,
            "min": 9238.572265625,
            "max": 11210.3310546875,
            "count": 7
        },
        "CarAgent.Environment.EpisodeLength.mean": {
            "value": 2059.3076923076924,
            "min": 1383.8181818181818,
            "max": 8175.0,
            "count": 7
        },
        "CarAgent.Environment.EpisodeLength.sum": {
            "value": 26771.0,
            "min": 15222.0,
            "max": 40875.0,
            "count": 7
        },
        "CarAgent.Environment.CumulativeReward.mean": {
            "value": 770.6058659347204,
            "min": 550.2568307857622,
            "max": 2471.7526204090564,
            "count": 7
        },
        "CarAgent.Environment.CumulativeReward.sum": {
            "value": 10017.876257151365,
            "min": 4404.023775082082,
            "max": 12358.763102045283,
            "count": 7
        },
        "CarAgent.Policy.ExtrinsicReward.mean": {
            "value": 770.6058659347204,
            "min": 550.2568307857622,
            "max": 2471.7526204090564,
            "count": 7
        },
        "CarAgent.Policy.ExtrinsicReward.sum": {
            "value": 10017.876257151365,
            "min": 4404.023775082082,
            "max": 12358.763102045283,
            "count": 7
        },
        "CarAgent.Losses.PolicyLoss.mean": {
            "value": 0.03618917523766868,
            "min": 0.03446223720675334,
            "max": 0.03821292196516879,
            "count": 7
        },
        "CarAgent.Losses.PolicyLoss.sum": {
            "value": 0.07237835047533736,
            "min": 0.06892447441350669,
            "max": 0.10843561815680004,
            "count": 7
        },
        "CarAgent.Losses.ValueLoss.mean": {
            "value": 86.18664739608764,
            "min": 71.85756088256836,
            "max": 96.46242935180663,
            "count": 7
        },
        "CarAgent.Losses.ValueLoss.sum": {
            "value": 172.37329479217527,
            "min": 143.71512176513673,
            "max": 274.2870602798462,
            "count": 7
        },
        "CarAgent.Policy.LearningRate.mean": {
            "value": 0.00029202065265978325,
            "min": 0.00029202065265978325,
            "max": 0.00029922812525729153,
            "count": 7
        },
        "CarAgent.Policy.LearningRate.sum": {
            "value": 0.0005840413053195665,
            "min": 0.0005840413053195665,
            "max": 0.0008907368530877167,
            "count": 7
        },
        "CarAgent.Policy.Epsilon.mean": {
            "value": 0.1973402166666667,
            "min": 0.1973402166666667,
            "max": 0.19974270833333335,
            "count": 7
        },
        "CarAgent.Policy.Epsilon.sum": {
            "value": 0.3946804333333334,
            "min": 0.3946804333333334,
            "max": 0.5969122833333335,
            "count": 7
        },
        "CarAgent.Policy.Beta.mean": {
            "value": 0.009734287645,
            "min": 0.009734287645,
            "max": 0.009974296562500002,
            "count": 7
        },
        "CarAgent.Policy.Beta.sum": {
            "value": 0.01946857529,
            "min": 0.01946857529,
            "max": 0.029691537105,
            "count": 7
        },
        "CarAgent.IsTraining.mean": {
            "value": 1.0,
            "min": 1.0,
            "max": 1.0,
            "count": 7
        },
        "CarAgent.IsTraining.sum": {
            "value": 1.0,
            "min": 1.0,
            "max": 1.0,
            "count": 7
        }
    },
    "metadata": {
        "timer_format_version": "0.1.0",
        "start_time_seconds": "1738840358",
        "python_version": "3.9.13 (tags/v3.9.13:6de2ca5, May 17 2022, 16:36:42) [MSC v.1929 64 bit (AMD64)]",
        "command_line_arguments": "C:\\MLAgentsProject\\env\\Scripts\\mlagents-learn CarAgentPPO.yaml --run-id=CarRun7",
        "mlagents_version": "0.30.0",
        "mlagents_envs_version": "0.30.0",
        "communication_protocol_version": "1.5.0",
        "pytorch_version": "2.5.0+cpu",
        "numpy_version": "1.21.2",
        "end_time_seconds": "1738841078"
    },
    "total": 720.2643979999999,
    "count": 1,
    "self": 0.0049060999999710475,
    "children": {
        "run_training.setup": {
            "total": 0.09783050000000015,
            "count": 1,
            "self": 0.09783050000000015
        },
        "TrainerController.start_learning": {
            "total": 720.1616614,
            "count": 1,
            "self": 2.8544377999965036,
            "children": {
                "TrainerController._reset_env": {
                    "total": 27.048536300000002,
                    "count": 1,
                    "self": 27.048536300000002
                },
                "TrainerController.advance": {
                    "total": 690.1074618000035,
                    "count": 181957,
                    "self": 2.709513099989522,
                    "children": {
                        "env_step": {
                            "total": 594.5532902000002,
                            "count": 181957,
                            "self": 454.65463379999505,
                            "children": {
                                "SubprocessEnvManager._take_step": {
                                    "total": 138.10617690001408,
                                    "count": 181957,
                                    "self": 8.4491240000022,
                                    "children": {
                                        "TorchPolicy.evaluate": {
                                            "total": 129.65705290001188,
                                            "count": 181957,
                                            "self": 129.65705290001188
                                        }
                                    }
                                },
                                "workers": {
                                    "total": 1.7924794999910638,
                                    "count": 181956,
                                    "self": 0.0,
                                    "children": {
                                        "worker_root": {
                                            "total": 690.7445774999841,
                                            "count": 181956,
                                            "is_parallel": true,
                                            "self": 356.0593840000074,
                                            "children": {
                                                "steps_from_proto": {
                                                    "total": 0.00020449999999883062,
                                                    "count": 1,
                                                    "is_parallel": true,
                                                    "self": 7.609999999758088e-05,