{
    "name": "root",
    "gauges": {
        "CarAgent.Policy.Entropy.mean": {
            "value": 1.3837218284606934,
            "min": 1.3837218284606934,
            "max": 1.4188700914382935,
            "count": 11
        },
        "CarAgent.Policy.Entropy.sum": {
            "value": 34601.34765625,
            "min": 34601.34765625,
            "max": 35480.265625,
            "count": 11
        },
        "CarAgent.Step.mean": {
            "value": 274884.0,
            "min": 24878.0,
            "max": 274884.0,
            "count": 11
        },
        "CarAgent.Step.sum": {
            "value": 274884.0,
            "min": 24878.0,
            "max": 274884.0,
            "count": 11
        },
        "CarAgent.Policy.ExtrinsicValueEstimate.mean": {
            "value": 0.23724685609340668,
            "min": 0.026399193331599236,
            "max": 0.23724685609340668,
            "count": 11
        },
        "CarAgent.Policy.ExtrinsicValueEstimate.sum": {
            "value": 47.449371337890625,
            "min": 5.253439426422119,
            "max": 47.449371337890625,
            "count": 11
        },
        "CarAgent.Environment.EpisodeLength.mean": {
            "value": 2249.0,
            "min": 2249.0,
            "max": 2249.0,
            "count": 11
        },
        "CarAgent.Environment.EpisodeLength.sum": {
            "value": 24739.0,
            "min": 24739.0,
            "max": 26988.0,
            "count": 11
        },
        "CarAgent.Environment.CumulativeReward.mean": {
            "value": 4.662779399468987,
            "min": 0.8780346480648817,
            "max": 4.662779399468987,
            "count": 11
        },
        "CarAgent.Environment.CumulativeReward.sum": {
            "value": 51.290573394158855,
            "min": 9.6583811287137,
            "max": 51.290573394158855,
            "count": 11
        },
        "CarAgent.Policy.ExtrinsicReward.mean": {
            "value": 4.662779399468987,
            "min": 0.8780346480648817,
            "max": 4.662779399468987,
            "count": 11
        },
        "CarAgent.Policy.ExtrinsicReward.sum": {
            "value": 51.290573394158855,
            "min": 9.6583811287137,
            "max": 51.290573394158855,
            "count": 11
        },
        "CarAgent.Losses.PolicyLoss.mean": {
            "value": 0.03643071567251657,
            "min": 0.03229850934876594,
            "max": 0.03643071567251657,
            "count": 11
        },
        "CarAgent.Losses.PolicyLoss.sum": {
            "value": 0.10929214701754972,
            "min": 0.09689552804629784,
            "max": 0.10929214701754972,
            "count": 11
        },
        "CarAgent.Losses.ValueLoss.mean": {
            "value": 0.000638522045968178,
            "min": 3.7896115077273866e-05,
            "max": 0.0056506101652000025,
            "count": 11
        },
        "CarAgent.Losses.ValueLoss.sum": {
            "value": 0.0019155661379045342,
            "min": 0.00011368834523182159,
            "max": 0.016951830495600007,
            "count": 11
        },
        "CarAgent.Policy.LearningRate.mean": {
            "value": 0.00027359820880059997,
            "min": 0.00027359820880059997,
            "max": 0.0002983482005506,
            "count": 11
        },
        "CarAgent.Policy.LearningRate.sum": {
            "value": 0.0008207946264017999,
            "min": 0.0008207946264017999,
            "max": 0.0008950446016518,
            "count": 11
        },
        "CarAgent.Policy.Epsilon.mean": {
            "value": 0.19119940000000002,
            "min": 0.19119940000000002,
            "max": 0.1994494,
            "count": 11
        },
        "CarAgent.Policy.Epsilon.sum": {
            "value": 0.5735982000000001,
            "min": 0.5735982000000001,
            "max": 0.5983482,
            "count": 11
        },
        "CarAgent.Policy.Beta.mean": {
            "value": 0.00912082006,
            "min": 0.00912082006,
            "max": 0.009944995060000001,
            "count": 11
        },
        "CarAgent.Policy.Beta.sum": {
            "value": 0.02736246018,
            "min": 0.02736246018,
            "max": 0.029834985180000002,
            "count": 11
        },
        "CarAgent.IsTraining.mean": {
            "value": 1.0,
            "min": 1.0,
            "max": 1.0,
            "count": 11
        },
        "CarAgent.IsTraining.sum": {
            "value": 1.0,
            "min": 1.0,
            "max": 1.0,
            "count": 11
        }
    },
    "metadata": {
        "timer_format_version": "0.1.0",
        "start_time_seconds": "1738402627",
        "python_version": "3.9.13 (tags/v3.9.13:6de2ca5, May 17 2022, 16:36:42) [MSC v.1929 64 bit (AMD64)]",
        "command_line_arguments": "C:\\MLAgentsProject\\env\\Scripts\\mlagents-learn CarAgentPPO.yaml --run-id=CarRun18",
        "mlagents_version": "0.30.0",
        "mlagents_envs_version": "0.30.0",
        "communication_protocol_version": "1.5.0",
        "pytorch_version": "2.6.0+cpu",
        "numpy_version": "1.21.2",
        "end_time_seconds": "1738403519"
    },
    "total": 891.599536,
    "count": 1,
    "self": 0.005051299999877301,
    "children": {
        "run_training.setup": {
            "total": 0.07880389999999982,
            "count": 1,
            "self": 0.07880389999999982
        },
        "TrainerController.start_learning": {
            "total": 891.5156808,
            "count": 1,
            "self": 3.85896919997424,
            "children": {
                "TrainerController._reset_env": {
                    "total": 11.5279034,
                    "count": 1,
                    "self": 11.5279034
                },
                "TrainerController.advance": {
                    "total": 876.0068076000258,
                    "count": 275301,
                    "self": 3.7085983000384886,
                    "children": {
                        "env_step": {
                            "total": 740.0818795999913,
                            "count": 275301,
                            "self": 550.2714269000087,
                            "children": {
                                "SubprocessEnvManager._take_step": {
                                    "total": 187.38079419999133,
                                    "count": 275301,
                                    "self": 11.37331289999696,
                                    "children": {
                                        "TorchPolicy.evaluate": {
                                            "total": 176.00748129999437,
                                            "count": 275301,
                                            "self": 176.00748129999437
                                        }
                                    }
                                },
                                "workers": {
                                    "total": 2.429658499991321,
                                    "count": 275300,
                                    "self": 0.0,
                                    "children": {
                                        "worker_root": {
                                            "total": 874.58764359999,
                                            "count": 275300,
                                            "is_parallel": true,
                                            "self": 485.37639230000946,
                                            "children": {
                                                "steps_from_proto": {
                                                    "total": 0.00025950000000030116,
                                                    "count": 1,
                                                    "is_parallel": true,
                                                    "self": 9.759999999836566e-05,