{
    "name": "root",
    "gauges": {
        "CarAgent.Policy.Entropy.mean": {
            "value": 1.6269651651382446,
            "min": 1.4273326396942139,
            "max": 1.6288655996322632,
            "count": 120
        },
        "CarAgent.Policy.Entropy.sum": {
            "value": 40766.8671875,
            "min": 35689.6875,
            "max": 40832.03125,
            "count": 120
        },
        "CarAgent.Step.mean": {
            "value": 2999999.0,
            "min": 24963.0,
            "max": 2999999.0,
            "count": 120
        },
        "CarAgent.Step.sum": {
            "value": 2999999.0,
            "min": 24963.0,
            "max": 2999999.0,
            "count": 120
        },
        "CarAgent.Policy.ExtrinsicValueEstimate.mean": {
            "value": 0.3679041266441345,
            "min": -0.060976844280958176,
            "max": 0.38453125953674316,
            "count": 120
        },
        "CarAgent.Policy.ExtrinsicValueEstimate.sum": {
            "value": 74.31663513183594,
            "min": -13.353928565979004,
            "max": 76.52172088623047,
            "count": 120
        },
        "CarAgent.Environment.EpisodeLength.mean": {
            "value": 2567.818181818182,
            "min": 289.2674418604651,
            "max": 83350.0,
            "count": 116
        },
        "CarAgent.Environment.EpisodeLength.sum": {
            "value": 28246.0,
            "min": 5659.0,
            "max": 83350.0,
            "count": 116
        },
        "CarAgent.Environment.CumulativeReward.mean": {
            "value": 5.020426409488374,
            "min": -0.9767230636429473,
            "max": 38.381449637934566,
            "count": 116
        },
        "CarAgent.Environment.CumulativeReward.sum": {
            "value": 55.22469050437212,
            "min": -83.99818347329347,
            "max": 76.76289927586913,
            "count": 116
        },
        "CarAgent.Policy.ExtrinsicReward.mean": {
            "value": 5.020426409488374,
            "min": -0.9767230636429473,
            "max": 38.381449637934566,
            "count": 116
        },
        "CarAgent.Policy.ExtrinsicReward.sum": {
            "value": 55.22469050437212,
            "min": -83.99818347329347,
            "max": 76.76289927586913,
            "count": 116
        },
        "CarAgent.Losses.PolicyLoss.mean": {
            "value": 0.03532814987799308,
            "min": 0.03005911771615501,
            "max": 0.037068136546683186,
            "count": 120
        },
        "CarAgent.Losses.PolicyLoss.sum": {
            "value": 0.10598444963397924,
            "min": 0.09017735314846503,
            "max": 0.1302674105128972,
            "count": 120
        },
        "CarAgent.Losses.ValueLoss.mean": {
            "value": 0.0055638858769574044,
            "min": 4.2069252920858465e-05,
            "max": 0.016789370926562696,
            "count": 120
        },
        "CarAgent.Losses.ValueLoss.sum": {
            "value": 0.016691657630872214,
            "min": 0.0001262077587625754,
            "max": 0.05036811277968809,
            "count": 120
        },
        "CarAgent.Policy.LearningRate.mean": {
            "value": 1.529032823688893e-06,
            "min": 1.529032823688893e-06,
            "max": 0.00029834110055296665,
            "count": 120
        },
        "CarAgent.Policy.LearningRate.sum": {
            "value": 4.587098471066679e-06,
            "min": 4.587098471066679e-06,
            "max": 0.0008950233016589,
            "count": 120
        },
        "CarAgent.Policy.Epsilon.mean": {
            "value": 0.10050964444444448,
            "min": 0.10050964444444448,
            "max": 0.19944703333333336,
            "count": 120
        },
        "CarAgent.Policy.Epsilon.sum": {
            "value": 0.3015289333333334,
            "min": 0.3015289333333334,
            "max": 0.6450092000000001,
            "count": 120
        },
        "CarAgent.Policy.Beta.mean": {
            "value": 6.0913480000000146e-05,
            "min": 6.0913480000000146e-05,
            "max": 0.009944758630000002,
            "count": 120
        },
        "CarAgent.Policy.Beta.sum": {
            "value": 0.00018274044000000044,
            "min": 0.00018274044000000044,
            "max": 0.029834275890000005,
            "count": 120
        },
        "CarAgent.IsTraining.mean": {
            "value": 1.0,
            "min": 1.0,
            "max": 1.0,
            "count": 120
        },
        "CarAgent.IsTraining.sum": {
            "value": 1.0,
            "min": 1.0,
            "max": 1.0,
            "count": 120
        }
    },
    "metadata": {
        "timer_format_version": "0.1.0",
        "start_time_seconds": "1738378941",
        "python_version": "3.9.13 (tags/v3.9.13:6de2ca5, May 17 2022, 16:36:42) [MSC v.1929 64 bit (AMD64)]",
        "command_line_arguments": "C:\\MLAgentsProject\\env\\Scripts\\mlagents-learn CarAgentPPO.yaml --run-id=CarRun6",
        "mlagents_version": "0.30.0",
        "mlagents_envs_version": "0.30.0",
        "communication_protocol_version": "1.5.0",
        "pytorch_version": "2.6.0+cpu",
        "numpy_version": "1.21.2",
        "end_time_seconds": "1738388492"
    },
    "total": 9551.5493254,
    "count": 1,
    "self": 0.016364099999918835,
    "children": {
        "run_training.setup": {
            "total": 0.08155020000000013,
            "count": 1,
            "self": 0.08155020000000013
        },
        "TrainerController.start_learning": {
            "total": 9551.451411099999,
            "count": 1,
            "self": 37.70044569953279,
            "children": {
                "TrainerController._reset_env": {
                    "total": 8.640473499999999,
                    "count": 1,
                    "self": 8.640473499999999
                },
                "TrainerController.advance": {
                    "total": 9505.016171100468,
                    "count": 3000127,
                    "self": 37.90431340085888,
                    "children": {
                        "env_step": {
                            "total": 8134.305554200317,
                            "count": 3000127,
                            "self": 6249.377399102615,
                            "children": {
                                "SubprocessEnvManager._take_step": {
                                    "total": 1860.5679793991583,
                                    "count": 3000127,
                                    "self": 113.74839339956793,
                                    "children": {
                                        "TorchPolicy.evaluate": {
                                            "total": 1746.8195859995903,
                                            "count": 3000127,
                                            "self": 1746.8195859995903
                                        }
                                    }
                                },
                                "workers": {
                                    "total": 24.36017569854411,
                                    "count": 3000127,
                                    "self": 0.0,
                                    "children": {
                                        "worker_root": {
                                            "total": 9499.882013499498,
                                            "count": 3000127,
                                            "is_parallel": true,
                                            "self": 4856.142237198937,
                                            "children": {
                                                "steps_from_proto": {
                                                    "total": 0.0002119000000000426,
                                                    "count": 1,
                                                    "is_parallel": true,