{
    "name": "root",
    "gauges": {
        "CarAgent.Policy.Entropy.mean": {
            "value": 0.33690252900123596,
            "min": 0.33690252900123596,
            "max": 0.6296873688697815,
            "count": 165
        },
        "CarAgent.Policy.Entropy.sum": {
            "value": 8421.552734375,
            "min": 8421.552734375,
            "max": 15752.259765625,
            "count": 165
        },
        "CarAgent.Step.mean": {
            "value": 4124978.0,
            "min": 24904.0,
            "max": 4124978.0,
            "count": 165
        },
        "CarAgent.Step.sum": {
            "value": 4124978.0,
            "min": 24904.0,
            "max": 4124978.0,
            "count": 165
        },
        "CarAgent.Policy.ExtrinsicValueEstimate.mean": {
            "value": 51.36741256713867,
            "min": 34.851680755615234,
            "max": 53.3985481262207,
            "count": 165
        },
        "CarAgent.Policy.ExtrinsicValueEstimate.sum": {
            "value": 10170.748046875,
            "min": 6865.78125,
            "max": 10519.513671875,
            "count": 165
        },
        "CarAgent.Environment.EpisodeLength.mean": {
            "value": 5679.833333333333,
            "min": 1575.2,
            "max": 53427.0,
            "count": 147
        },
        "CarAgent.Environment.EpisodeLength.sum": {
            "value": 34079.0,
            "min": 3559.0,
            "max": 100278.0,
            "count": 147
        },
        "CarAgent.Environment.CumulativeReward.mean": {
            "value": 1532.6364844441414,
            "min": 309.4195253264159,
            "max": 11841.450328826904,
            "count": 148
        },
        "CarAgent.Environment.CumulativeReward.sum": {
            "value": 9195.818906664848,
            "min": 539.5894373953342,
            "max": 22054.823960974813,
            "count": 148
        },
        "CarAgent.Policy.ExtrinsicReward.mean": {
            "value": 1532.6364844441414,
            "min": 309.4195253264159,
            "max": 11841.450328826904,
            "count": 148
        },
        "CarAgent.Policy.ExtrinsicReward.sum": {
            "value": 9195.818906664848,
            "min": 539.5894373953342,
            "max": 22054.823960974813,
            "count": 148
        },
        "CarAgent.Losses.PolicyLoss.mean": {
            "value": 0.036311365884030236,
            "min": 0.031248177206143736,
            "max": 0.039147450487750264,
            "count": 165
        },
        "CarAgent.Losses.PolicyLoss.sum": {
            "value": 0.07262273176806047,
            "min": 0.06249635441228747,
            "max": 0.1174423514632508,
            "count": 165
        },
        "CarAgent.Losses.ValueLoss.mean": {
            "value": 21.766168627738953,
            "min": 10.860546460151673,
            "max": 25.471385531425476,
            "count": 165
        },
        "CarAgent.Losses.ValueLoss.sum": {
            "value": 43.532337255477906,
            "min": 21.721092920303345,
            "max": 74.24975169181823,
            "count": 165
        },
        "CarAgent.Policy.LearningRate.mean": {
            "value": 9.433084355640832e-05,
            "min": 9.433084355640832e-05,
            "max": 0.00029922520025826664,
            "count": 165
        },
        "CarAgent.Policy.LearningRate.sum": {
            "value": 0.00018866168711281664,
            "min": 0.00018866168711281664,
            "max": 0.0008906772031076001,
            "count": 165
        },
        "CarAgent.Policy.Epsilon.mean": {
            "value": 0.1314435916666667,
            "min": 0.1314435916666667,
            "max": 0.19974173333333334,
            "count": 165
        },
        "CarAgent.Policy.Epsilon.sum": {
            "value": 0.2628871833333334,
            "min": 0.2628871833333334,
            "max": 0.5968924,
            "count": 165
        },
        "CarAgent.Policy.Beta.mean": {
            "value": 0.0031512148075000003,
            "min": 0.0031512148075000003,
            "max": 0.009974199160000002,
            "count": 165
        },
        "CarAgent.Policy.Beta.sum": {
            "value": 0.006302429615000001,
            "min": 0.006302429615000001,
            "max": 0.029689550759999996,
            "count": 165
        },
        "CarAgent.IsTraining.mean": {
            "value": 1.0,
            "min": 1.0,
            "max": 1.0,
            "count": 165
        },
        "CarAgent.IsTraining.sum": {
            "value": 1.0,
            "min": 1.0,
            "max": 1.0,
            "count": 165
        }
    },
    "metadata": {
        "timer_format_version": "0.1.0",
        "start_time_seconds": "1738822547",
        "python_version": "3.9.13 (tags/v3.9.13:6de2ca5, May 17 2022, 16:36:42) [MSC v.1929 64 bit (AMD64)]",
        "command_line_arguments": "C:\\MLAgentsProject\\env\\Scripts\\mlagents-learn CarAgentPPO.yaml --run-id=CarRun6",
        "mlagents_version": "0.30.0",
        "mlagents_envs_version": "0.30.0",
        "communication_protocol_version": "1.5.0",
        "pytorch_version": "2.5.0+cpu",
        "numpy_version": "1.21.2",
        "end_time_seconds": "1738836780"
    },
    "total": 14233.142305300002,
    "count": 1,
    "self": 0.008537200003047474,
    "children": {
        "run_training.setup": {
            "total": 0.12457839999999987,
            "count": 1,
            "self": 0.12457839999999987
        },
        "TrainerController.start_learning": {
            "total": 14233.009189699998,
            "count": 1,
            "self": 58.29486330032705,
            "children": {
                "TrainerController._reset_env": {
                    "total": 24.0551474,
                    "count": 1,
                    "self": 24.0551474
                },
                "TrainerController.advance": {
                    "total": 14150.53323499967,
                    "count": 4136036,
                    "self": 56.95549869999013,
                    "children": {
                        "env_step": {
                            "total": 12080.02066969963,
                            "count": 4136036,
                            "self": 9249.69359260055,
                            "children": {
                                "SubprocessEnvManager._take_step": {
                                    "total": 2792.6603937001128,
                                    "count": 4136036,
                                    "self": 167.6775075998312,
                                    "children": {
                                        "TorchPolicy.evaluate": {
                                            "total": 2624.9828861002816,
                                            "count": 4136036,
                                            "self": 2624.9828861002816
                                        }
                                    }
                                },
                                "workers": {
                                    "total": 37.66668339896668,
                                    "count": 4136035,
                                    "self": 0.0,
                                    "children": {
                                        "worker_root": {
                                            "total": 14145.751474700002,
                                            "count": 4136035,
                                            "is_parallel": true,
                                            "self": 7410.9434294984,
                                            "children": {
                                                "steps_from_proto": {
                                                    "total": 0.0002288999999997543,
                                                    "count": 1,
                                                    "is_parallel": true,
                                                    "self": 7.84999999972058e-05,