{
    "name": "root",
    "gauges": {
        "CarAgent.Policy.Entropy.mean": {
            "value": 0.6397535800933838,
            "min": 0.5779945850372314,
            "max": 0.6397535800933838,
            "count": 7
        },
        "CarAgent.Policy.Entropy.sum": {
            "value": 16049.498046875,
            "min": 14479.919921875,
            "max": 16049.498046875,
            "count": 7
        },
        "CarAgent.Environment.EpisodeLength.mean": {
            "value": 5365.785714285715,
            "min": 1508.75,
            "max": 14578.5,
            "count": 4
        },
        "CarAgent.Environment.EpisodeLength.sum": {
            "value": 75121.0,
            "min": 15838.0,
            "max": 75121.0,
            "count": 4
        },
        "CarAgent.Step.mean": {
            "value": 174987.0,
            "min": 24924.0,
            "max": 174987.0,
            "count": 7
        },
        "CarAgent.Step.sum": {
            "value": 174987.0,
            "min": 24924.0,
            "max": 174987.0,
            "count": 7
        },
        "CarAgent.Policy.ExtrinsicValueEstimate.mean": {
            "value": -61.6706428527832,
            "min": -61.6706428527832,
            "max": 43.6973762512207,
            "count": 7
        },
        "CarAgent.Policy.ExtrinsicValueEstimate.sum": {
            "value": -12704.15234375,
            "min": -12704.15234375,
            "max": 9001.6591796875,
            "count": 7
        },
        "CarAgent.Environment.CumulativeReward.mean": {
            "value": -2933.08006800924,
            "min": -10735.164886921644,
            "max": 497.35528490692377,
            "count": 4
        },
        "CarAgent.Environment.CumulativeReward.sum": {
            "value": -41063.120952129364,
            "min": -42940.65954768658,
            "max": 3872.2257027179003,
            "count": 4
        },
        "CarAgent.Policy.ExtrinsicReward.mean": {
            "value": -2933.08006800924,
            "min": -10735.164886921644,
            "max": 497.35528490692377,
            "count": 4
        },
        "CarAgent.Policy.ExtrinsicReward.sum": {
            "value": -41063.120952129364,
            "min": -42940.65954768658,
            "max": 3872.2257027179003,
            "count": 4
        },
        "CarAgent.Losses.PolicyLoss.mean": {
            "value": 0.035869686818332414,
            "min": 0.033557853568345314,
            "max": 0.037413248892407866,
            "count": 7
        },
        "CarAgent.Losses.PolicyLoss.sum": {
            "value": 0.07173937363666483,
            "min": 0.06711570713669063,
            "max": 0.1052433066838421,
            "count": 7
        },
        "CarAgent.Losses.ValueLoss.mean": {
            "value": 328.3074863815308,
            "min": 32.74000700950623,
            "max": 346.7567202504476,
            "count": 7
        },
        "CarAgent.Losses.ValueLoss.sum": {
            "value": 656.6149727630616,
            "min": 65.48001401901246,
            "max": 1040.2701607513427,
            "count": 7
        },
        "CarAgent.Policy.LearningRate.mean": {
            "value": 0.0002919803026732333,
            "min": 0.0002919803026732333,
            "max": 0.00029922495025835,
            "count": 7
        },
        "CarAgent.Policy.LearningRate.sum": {
            "value": 0.0005839606053464667,
            "min": 0.0005839606053464667,
            "max": 0.0008906979031006999,
            "count": 7
        },
        "CarAgent.Policy.Epsilon.mean": {
            "value": 0.19732676666666668,
            "min": 0.19732676666666668,
            "max": 0.19974165,
            "count": 7
        },
        "CarAgent.Policy.Epsilon.sum": {
            "value": 0.39465353333333336,
            "min": 0.39465353333333336,
            "max": 0.5968993,
            "count": 7
        },
        "CarAgent.Policy.Beta.mean": {
            "value": 0.00973294399,
            "min": 0.00973294399,
            "max": 0.009974190834999999,
            "count": 7
        },
        "CarAgent.Policy.Beta.sum": {
            "value": 0.01946588798,
            "min": 0.01946588798,
            "max": 0.029690240070000005,
            "count": 7
        },
        "CarAgent.IsTraining.mean": {
            "value": 1.0,
            "min": 1.0,
            "max": 1.0,
            "count": 7
        },
        "CarAgent.IsTraining.sum": {
            "value": 1.0,
            "min": 1.0,
            "max": 1.0,
            "count": 7
        }
    },
    "metadata": {
        "timer_format_version": "0.1.0",
        "start_time_seconds": "1738844023",
        "python_version": "3.9.13 (tags/v3.9.13:6de2ca5, May 17 2022, 16:36:42) [MSC v.1929 64 bit (AMD64)]",
        "command_line_arguments": "C:\\MLAgentsProject\\env\\Scripts\\mlagents-learn CarAgentPPO.yaml --run-id=CarRun10",
        "mlagents_version": "0.30.0",
        "mlagents_envs_version": "0.30.0",
        "communication_protocol_version": "1.5.0",
        "pytorch_version": "2.5.0+cpu",
        "numpy_version": "1.21.2",
        "end_time_seconds": "1738844809"
    },
    "total": 786.2139575,
    "count": 1,
    "self": 0.004958699999860983,
    "children": {
        "run_training.setup": {
            "total": 0.08239390000000002,
            "count": 1,
            "self": 0.08239390000000002
        },
        "TrainerController.start_learning": {
            "total": 786.1266049000001,
            "count": 1,
            "self": 2.8863454000320417,
            "children": {
                "TrainerController._reset_env": {
                    "total": 33.363259400000004,
                    "count": 1,
                    "self": 33.363259400000004
                },
                "TrainerController.advance": {
                    "total": 749.727243899968,
                    "count": 192567,
                    "self": 2.703509099981943,
                    "children": {
                        "env_step": {
                            "total": 651.3279005999856,
                            "count": 192567,
                            "self": 506.4975072999932,
                            "children": {
                                "SubprocessEnvManager._take_step": {
                                    "total": 142.97338700000944,
                                    "count": 192567,
                                    "self": 8.581443200001331,
                                    "children": {
                                        "TorchPolicy.evaluate": {
                                            "total": 134.3919438000081,
                                            "count": 192567,
                                            "self": 134.3919438000081
                                        }
                                    }
                                },
                                "workers": {
                                    "total": 1.857006299982963,
                                    "count": 192566,
                                    "self": 0.0,
                                    "children": {
                                        "worker_root": {
                                            "total": 711.8949093999985,
                                            "count": 192566,
                                            "is_parallel": true,
                                            "self": 365.59644239998124,
                                            "children": {
                                                "steps_from_proto": {
                                                    "total": 0.00028329999999954225,
                                                    "count": 1,
                                                    "is_parallel": true,
                                                    "self": 8.270000000010214e-05,