{
    "name": "root",
    "gauges": {
        "CarAgent.Policy.Entropy.mean": {
            "value": 1.4076204299926758,
            "min": 1.3853298425674438,
            "max": 1.4156601428985596,
            "count": 10
        },
        "CarAgent.Policy.Entropy.sum": {
            "value": 35215.84765625,
            "min": 34641.55859375,
            "max": 35399.99609375,
            "count": 10
        },
        "CarAgent.Step.mean": {
            "value": 249897.0,
            "min": 24878.0,
            "max": 249897.0,
            "count": 10
        },
        "CarAgent.Step.sum": {
            "value": 249897.0,
            "min": 24878.0,
            "max": 249897.0,
            "count": 10
        },
        "CarAgent.Policy.ExtrinsicValueEstimate.mean": {
            "value": 0.33768197894096375,
            "min": 0.17522479593753815,
            "max": 0.33768197894096375,
            "count": 10
        },
        "CarAgent.Policy.ExtrinsicValueEstimate.sum": {
            "value": 67.19871520996094,
            "min": 35.044960021972656,
            "max": 67.19871520996094,
            "count": 10
        },
        "CarAgent.Environment.EpisodeLength.mean": {
            "value": 3883.8571428571427,
            "min": 2249.0,
            "max": 4580.2,
            "count": 10
        },
        "CarAgent.Environment.EpisodeLength.sum": {
            "value": 27187.0,
            "min": 22901.0,
            "max": 27187.0,
            "count": 10
        },
        "CarAgent.Environment.CumulativeReward.mean": {
            "value": 6.838758955295946,
            "min": 0.9921114340038251,
            "max": 6.838758955295946,
            "count": 10
        },
        "CarAgent.Environment.CumulativeReward.sum": {
            "value": 47.87131268707162,
            "min": 10.913225774042075,
            "max": 47.87131268707162,
            "count": 10
        },
        "CarAgent.Policy.ExtrinsicReward.mean": {
            "value": 6.838758955295946,
            "min": 0.9921114340038251,
            "max": 6.838758955295946,
            "count": 10
        },
        "CarAgent.Policy.ExtrinsicReward.sum": {
            "value": 47.87131268707162,
            "min": 10.913225774042075,
            "max": 47.87131268707162,
            "count": 10
        },
        "CarAgent.Losses.PolicyLoss.mean": {
            "value": 0.034374118826235645,
            "min": 0.033301640726858754,
            "max": 0.03684529645737106,
            "count": 10
        },
        "CarAgent.Losses.PolicyLoss.sum": {
            "value": 0.10312235647870693,
            "min": 0.09990492218057626,
            "max": 0.11053588937211317,
            "count": 10
        },
        "CarAgent.Losses.ValueLoss.mean": {
            "value": 0.004766863230421829,
            "min": 0.00018349102071321492,
            "max": 0.008846127037152958,
            "count": 10
        },
        "CarAgent.Losses.ValueLoss.sum": {
            "value": 0.014300589691265487,
            "min": 0.0005504730621396448,
            "max": 0.026538381111458877,
            "count": 10
        },
        "CarAgent.Policy.LearningRate.mean": {
            "value": 0.00027606944131018885,
            "min": 0.00027606944131018885,
            "max": 0.0002983482005506,
            "count": 10
        },
        "CarAgent.Policy.LearningRate.sum": {
            "value": 0.0008282083239305666,
            "min": 0.0008282083239305666,
            "max": 0.0008950446016518,
            "count": 10
        },
        "CarAgent.Policy.Epsilon.mean": {
            "value": 0.19202314444444446,
            "min": 0.19202314444444446,
            "max": 0.1994494,
            "count": 10
        },
        "CarAgent.Policy.Epsilon.sum": {
            "value": 0.5760694333333334,
            "min": 0.5760694333333334,
            "max": 0.5983482,
            "count": 10
        },
        "CarAgent.Policy.Beta.mean": {
            "value": 0.009203112129999998,
            "min": 0.009203112129999998,
            "max": 0.009944995060000001,
            "count": 10
        },
        "CarAgent.Policy.Beta.sum": {
            "value": 0.027609336389999996,
            "min": 0.027609336389999996,
            "max": 0.029834985180000002,
            "count": 10
        },
        "CarAgent.IsTraining.mean": {
            "value": 1.0,
            "min": 1.0,
            "max": 1.0,
            "count": 10
        },
        "CarAgent.IsTraining.sum": {
            "value": 1.0,
            "min": 1.0,
            "max": 1.0,
            "count": 10
        }
    },
    "metadata": {
        "timer_format_version": "0.1.0",
        "start_time_seconds": "1738401588",
        "python_version": "3.9.13 (tags/v3.9.13:6de2ca5, May 17 2022, 16:36:42) [MSC v.1929 64 bit (AMD64)]",
        "command_line_arguments": "C:\\MLAgentsProject\\env\\Scripts\\mlagents-learn CarAgentPPO.yaml --run-id=CarRun17",
        "mlagents_version": "0.30.0",
        "mlagents_envs_version": "0.30.0",
        "communication_protocol_version": "1.5.0",
        "pytorch_version": "2.6.0+cpu",
        "numpy_version": "1.21.2",
        "end_time_seconds": "1738402431"
    },
    "total": 842.2090872,
    "count": 1,
    "self": 0.004820399999971414,
    "children": {
        "run_training.setup": {
            "total": 0.08743329999999983,
            "count": 1,
            "self": 0.08743329999999983
        },
        "TrainerController.start_learning": {
            "total": 842.1168335,
            "count": 1,
            "self": 3.661609999978623,
            "children": {
                "TrainerController._reset_env": {
                    "total": 13.2968503,
                    "count": 1,
                    "self": 13.2968503
                },
                "TrainerController.advance": {
                    "total": 825.0304154000214,
                    "count": 264151,
                    "self": 3.4186420000219186,
                    "children": {
                        "env_step": {
                            "total": 694.3474682000093,
                            "count": 264151,
                            "self": 512.5646897000009,
                            "children": {
                                "SubprocessEnvManager._take_step": {
                                    "total": 179.46544439998343,
                                    "count": 264151,
                                    "self": 10.618078499969215,
                                    "children": {
                                        "TorchPolicy.evaluate": {
                                            "total": 168.8473659000142,
                                            "count": 264151,
                                            "self": 168.8473659000142
                                        }
                                    }
                                },
                                "workers": {
                                    "total": 2.317334100024958,
                                    "count": 264150,
                                    "self": 0.0,
                                    "children": {
                                        "worker_root": {
                                            "total": 811.1322506000131,
                                            "count": 264150,
                                            "is_parallel": true,
                                            "self": 464.7546115999896,
                                            "children": {
                                                "steps_from_proto": {
                                                    "total": 0.00022150000000031866,
                                                    "count": 1,
                                                    "is_parallel": true,
                                                    "self": 9.35999999995829e-05,