{
    "name": "root",
    "gauges": {
        "CarAgent.Policy.Entropy.mean": {
            "value": 0.5746774673461914,
            "min": 0.5746774673461914,
            "max": 1.4140464067459106,
            "count": 240
        },
        "CarAgent.Policy.Entropy.sum": {
            "value": 14417.5078125,
            "min": 14344.51171875,
            "max": 35481.25390625,
            "count": 240
        },
        "CarAgent.Step.mean": {
            "value": 5999966.0,
            "min": 24964.0,
            "max": 5999966.0,
            "count": 240
        },
        "CarAgent.Step.sum": {
            "value": 5999966.0,
            "min": 24964.0,
            "max": 5999966.0,
            "count": 240
        },
        "CarAgent.Policy.ExtrinsicValueEstimate.mean": {
            "value": 46.97491455078125,
            "min": 0.10989592224359512,
            "max": 49.18886184692383,
            "count": 240
        },
        "CarAgent.Policy.ExtrinsicValueEstimate.sum": {
            "value": 9207.0830078125,
            "min": 22.198976516723633,
            "max": 9631.306640625,
            "count": 240
        },
        "CarAgent.Environment.EpisodeLength.mean": {
            "value": 934866.0,
            "min": 590.3333333333334,
            "max": 934866.0,
            "count": 29
        },
        "CarAgent.Environment.EpisodeLength.sum": {
            "value": 1869732.0,
            "min": 7192.0,
            "max": 1869732.0,
            "count": 29
        },
        "CarAgent.Environment.CumulativeReward.mean": {
            "value": 206295.9772180617,
            "min": 5.2668856473007635,
            "max": 206295.9772180617,
            "count": 29
        },
        "CarAgent.Environment.CumulativeReward.sum": {
            "value": 412591.9544361234,
            "min": 221.20919718663208,
            "max": 412591.9544361234,
            "count": 29
        },
        "CarAgent.Policy.ExtrinsicReward.mean": {
            "value": 206295.9772180617,
            "min": 5.2668856473007635,
            "max": 206295.9772180617,
            "count": 29
        },
        "CarAgent.Policy.ExtrinsicReward.sum": {
            "value": 412591.9544361234,
            "min": 221.20919718663208,
            "max": 412591.9544361234,
            "count": 29
        },
        "CarAgent.Losses.PolicyLoss.mean": {
            "value": 0.03291184772271663,
            "min": 0.03004273962462321,
            "max": 0.04006656857440248,
            "count": 240
        },
        "CarAgent.Losses.PolicyLoss.sum": {
            "value": 0.09873554316814989,
            "min": 0.06036553976126015,
            "max": 0.11566428602905944,
            "count": 240
        },
        "CarAgent.Losses.ValueLoss.mean": {
            "value": 16.81107459068298,
            "min": 1.0205141905182973,
            "max": 23.997415962219236,
            "count": 240
        },
        "CarAgent.Losses.ValueLoss.sum": {
            "value": 50.43322377204895,
            "min": 2.0410283810365946,
            "max": 71.99224788665771,
            "count": 240
        },
        "CarAgent.Policy.LearningRate.mean": {
            "value": 5.393998202333315e-07,
            "min": 5.393998202333315e-07,
            "max": 0.00029922512525829166,
            "count": 240
        },
        "CarAgent.Policy.LearningRate.sum": {
            "value": 1.6181994606999944e-06,
            "min": 1.6181994606999944e-06,
            "max": 0.0008907148030950665,
            "count": 240
        },
        "CarAgent.Policy.Epsilon.mean": {
            "value": 0.10017976666666667,
            "min": 0.10017976666666667,
            "max": 0.1997417083333333,
            "count": 240
        },
        "CarAgent.Policy.Epsilon.sum": {
            "value": 0.3005393,
            "min": 0.20122353333333334,
            "max": 0.5969049333333332,
            "count": 240
        },
        "CarAgent.Policy.Beta.mean": {
            "value": 2.7958689999999942e-05,
            "min": 2.7958689999999942e-05,
            "max": 0.009974196662499999,
            "count": 240
        },
        "CarAgent.Policy.Beta.sum": {
            "value": 8.387606999999982e-05,
            "min": 8.387606999999982e-05,
            "max": 0.029690802839999995,
            "count": 240
        },
        "CarAgent.IsTraining.mean": {
            "value": 1.0,
            "min": 1.0,
            "max": 1.0,
            "count": 240
        },
        "CarAgent.IsTraining.sum": {
            "value": 1.0,
            "min": 1.0,
            "max": 1.0,
            "count": 240
        }
    },
    "metadata": {
        "timer_format_version": "0.1.0",
        "start_time_seconds": "1738782559",
        "python_version": "3.9.13 (tags/v3.9.13:6de2ca5, May 17 2022, 16:36:42) [MSC v.1929 64 bit (AMD64)]",
        "command_line_arguments": "C:\\MLAgentsProject\\env\\Scripts\\mlagents-learn CarAgentPPO.yaml --run-id=CarRun5",
        "mlagents_version": "0.30.0",
        "mlagents_envs_version": "0.30.0",
        "communication_protocol_version": "1.5.0",
        "pytorch_version": "2.5.0+cpu",
        "numpy_version": "1.21.2",
        "end_time_seconds": "1738803828"
    },
    "total": 21269.0490231,
    "count": 1,
    "self": 0.012398999999277294,
    "children": {
        "run_training.setup": {
            "total": 0.11301570000000005,
            "count": 1,
            "self": 0.11301570000000005
        },
        "TrainerController.start_learning": {
            "total": 21268.9236084,
            "count": 1,
            "self": 80.7416690008904,
            "children": {
                "TrainerController._reset_env": {
                    "total": 35.0547781,
                    "count": 1,
                    "self": 35.0547781
                },
                "TrainerController.advance": {
                    "total": 21153.05047749911,
                    "count": 6000094,
                    "self": 76.94756150081594,
                    "children": {
                        "env_step": {
                            "total": 18148.074542899438,
                            "count": 6000094,
                            "self": 14118.983326000909,
                            "children": {
                                "SubprocessEnvManager._take_step": {
                                    "total": 3975.631734096769,
                                    "count": 6000094,
                                    "self": 243.67138939744245,
                                    "children": {
                                        "TorchPolicy.evaluate": {
                                            "total": 3731.9603446993265,
                                            "count": 6000094,
                                            "self": 3731.9603446993265
                                        }
                                    }
                                },
                                "workers": {
                                    "total": 53.45948280175994,
                                    "count": 6000094,
                                    "self": 0.0,
                                    "children": {
                                        "worker_root": {
                                            "total": 21139.175113901354,
                                            "count": 6000094,
                                            "is_parallel": true,
                                            "self": 10575.620184499134,
                                            "children": {
                                                "steps_from_proto": {
                                                    "total": 0.00027899999999903,
                                                    "count": 1,
                                                    "is_parallel": true,
                                                    "self": 0.00011099999999686361,