{
    "name": "root",
    "gauges": {
        "CarAgent.Policy.Entropy.mean": {
            "value": 1.3507463932037354,
            "min": 1.3507463932037354,
            "max": 1.4285352230072021,
            "count": 38
        },
        "CarAgent.Policy.Entropy.sum": {
            "value": 33838.8984375,
            "min": 33721.58984375,
            "max": 35764.10546875,
            "count": 38
        },
        "CarAgent.Step.mean": {
            "value": 949930.0,
            "min": 24900.0,
            "max": 949930.0,
            "count": 38
        },
        "CarAgent.Step.sum": {
            "value": 949930.0,
            "min": 24900.0,
            "max": 949930.0,
            "count": 38
        },
        "CarAgent.Policy.ExtrinsicValueEstimate.mean": {
            "value": 68.98638916015625,
            "min": 0.38394051790237427,
            "max": 73.22724151611328,
            "count": 38
        },
        "CarAgent.Policy.ExtrinsicValueEstimate.sum": {
            "value": 13659.3046875,
            "min": 75.2523422241211,
            "max": 14498.9931640625,
            "count": 38
        },
        "CarAgent.Environment.EpisodeLength.mean": {
            "value": 4366.333333333333,
            "min": 2995.25,
            "max": 6128.0,
            "count": 38
        },
        "CarAgent.Environment.EpisodeLength.sum": {
            "value": 26198.0,
            "min": 21414.0,
            "max": 29374.0,
            "count": 38
        },
        "CarAgent.Environment.CumulativeReward.mean": {
            "value": 1331.114421800361,
            "min": 114.51996042726432,
            "max": 1571.1631210371766,
            "count": 38
        },
        "CarAgent.Environment.CumulativeReward.sum": {
            "value": 7986.686530802166,
            "min": 784.3712977238465,
            "max": 8654.135406627669,
            "count": 38
        },
        "CarAgent.Policy.ExtrinsicReward.mean": {
            "value": 1331.114421800361,
            "min": 114.51996042726432,
            "max": 1571.1631210371766,
            "count": 38
        },
        "CarAgent.Policy.ExtrinsicReward.sum": {
            "value": 7986.686530802166,
            "min": 784.3712977238465,
            "max": 8654.135406627669,
            "count": 38
        },
        "CarAgent.Losses.PolicyLoss.mean": {
            "value": 0.0347458578106792,
            "min": 0.03143567569262814,
            "max": 0.03841995057261859,
            "count": 38
        },
        "CarAgent.Losses.PolicyLoss.sum": {
            "value": 0.10423757343203761,
            "min": 0.06287135138525628,
            "max": 0.11525985171785577,
            "count": 38
        },
        "CarAgent.Losses.ValueLoss.mean": {
            "value": 111.58691716512044,
            "min": 12.563105099797248,
            "max": 127.64486915588378,
            "count": 38
        },
        "CarAgent.Losses.ValueLoss.sum": {
            "value": 334.7607514953613,
            "min": 25.126210199594496,
            "max": 334.7607514953613,
            "count": 38
        },
        "CarAgent.Policy.LearningRate.mean": {
            "value": 0.0002531092156302666,
            "min": 0.0002531092156302666,
            "max": 0.00029922570025809996,
            "count": 38
        },
        "CarAgent.Policy.LearningRate.sum": {
            "value": 0.0007593276468907998,
            "min": 0.0005087969304010333,
            "max": 0.0008907321030893001,
            "count": 38
        },
        "CarAgent.Policy.Epsilon.mean": {
            "value": 0.1843697333333333,
            "min": 0.1843697333333333,
            "max": 0.19974189999999997,
            "count": 38
        },
        "CarAgent.Policy.Epsilon.sum": {
            "value": 0.5531092,
            "min": 0.3695989666666668,
            "max": 0.5969107,
            "count": 38
        },
        "CarAgent.Policy.Beta.mean": {
            "value": 0.008438536359999999,
            "min": 0.008438536359999999,
            "max": 0.009974215810000001,
            "count": 38
        },
        "CarAgent.Policy.Beta.sum": {
            "value": 0.025315609079999996,
            "min": 0.016962936770000006,
            "max": 0.029691378929999998,
            "count": 38
        },
        "CarAgent.IsTraining.mean": {
            "value": 1.0,
            "min": 1.0,
            "max": 1.0,
            "count": 38
        },
        "CarAgent.IsTraining.sum": {
            "value": 1.0,
            "min": 1.0,
            "max": 1.0,
            "count": 38
        }
    },
    "metadata": {
        "timer_format_version": "0.1.0",
        "start_time_seconds": "1738765612",
        "python_version": "3.9.13 (tags/v3.9.13:6de2ca5, May 17 2022, 16:36:42) [MSC v.1929 64 bit (AMD64)]",
        "command_line_arguments": "C:\\MLAgentsProject\\env\\Scripts\\mlagents-learn CarAgentPPO.yaml --run-id=CarRun1",
        "mlagents_version": "0.30.0",
        "mlagents_envs_version": "0.30.0",
        "communication_protocol_version": "1.5.0",
        "pytorch_version": "2.5.0+cpu",
        "numpy_version": "1.21.2",
        "end_time_seconds": "1738768663"
    },
    "total": 3051.0047363,
    "count": 1,
    "self": 0.006226999999853433,
    "children": {
        "run_training.setup": {
            "total": 0.08429249999999966,
            "count": 1,
            "self": 0.08429249999999966
        },
        "TrainerController.start_learning": {
            "total": 3050.9142168,
            "count": 1,
            "self": 13.76646950015811,
            "children": {
                "TrainerController._reset_env": {
                    "total": 14.6324249,
                    "count": 1,
                    "self": 14.6324249
                },
                "TrainerController.advance": {
                    "total": 3022.425935699842,
                    "count": 957902,
                    "self": 13.216480699859403,
                    "children": {
                        "env_step": {
                            "total": 2540.075180699913,
                            "count": 957902,
                            "self": 1885.0677183000407,
                            "children": {
                                "SubprocessEnvManager._take_step": {
                                    "total": 646.5501169997696,
                                    "count": 957902,
                                    "self": 39.97797329995285,
                                    "children": {
                                        "TorchPolicy.evaluate": {
                                            "total": 606.5721436998167,
                                            "count": 957902,
                                            "self": 606.5721436998167
                                        }
                                    }
                                },
                                "workers": {
                                    "total": 8.457345400102572,
                                    "count": 957901,
                                    "self": 0.0,
                                    "children": {
                                        "worker_root": {
                                            "total": 3022.580639099835,
                                            "count": 957901,
                                            "is_parallel": true,
                                            "self": 1694.8705155999112,
                                            "children": {
                                                "steps_from_proto": {
                                                    "total": 0.0035692000000011603,
                                                    "count": 1,
                                                    "is_parallel": true,
                                                    "self": 0.00024860000000259674,